-- phpMyAdmin SQL Dump
-- version 5.2.0
-- https://www.phpmyadmin.net/
--
-- Host: 127.0.0.1
-- Generation Time: Oct 06, 2022 at 08:45 PM
-- Server version: 10.4.24-MariaDB
-- PHP Version: 7.4.29

SET SQL_MODE = "NO_AUTO_VALUE_ON_ZERO";
START TRANSACTION;
SET time_zone = "+00:00";


/*!40101 SET @OLD_CHARACTER_SET_CLIENT=@@CHARACTER_SET_CLIENT */;
/*!40101 SET @OLD_CHARACTER_SET_RESULTS=@@CHARACTER_SET_RESULTS */;
/*!40101 SET @OLD_COLLATION_CONNECTION=@@COLLATION_CONNECTION */;
/*!40101 SET NAMES utf8mb4 */;

--
-- Database: `attendance_system`
--

-- --------------------------------------------------------

--
-- Table structure for table `sas_attendance`
--

CREATE TABLE `sas_attendance` (
  `attendance_id` int(11) NOT NULL,
  `student_id` int(11) NOT NULL,
  `class_id` int(11) NOT NULL,
  `status` enum('present','absent','late','half_day') NOT NULL,
  `attendance_date` datetime NOT NULL
) ENGINE=InnoDB DEFAULT CHARSET=latin1;

--
-- Dumping data for table `sas_attendance`
--

INSERT INTO `sas_attendance` (`attendance_id`, `student_id`, `class_id`, `status`, `attendance_date`) VALUES
(1, 2, 2, 'present', '2022-10-06 20:43:28'),
(23, 2, 33, 'absent', '2022-09-24 00:00:00'),
(24, 3, 34, 'present', '2022-09-24 00:00:00'),
(25, 3, 34, 'present', '2022-09-25 00:00:00'),
(26, 2, 33, 'present', '2022-09-28 00:00:00'),
(27, 3, 34, 'present', '2022-09-28 00:00:00'),
(28, 4, 35, 'present', '2022-09-28 00:00:00'),
(29, 5, 38, 'present', '2022-09-28 00:00:00'),
(30, 3, 34, 'present', '2022-09-29 00:00:00'),
(31, 2, 33, 'half_day', '2022-09-29 00:00:00'),
(32, 4, 35, 'present', '2022-09-30 00:00:00'),
(33, 2, 33, 'present', '2022-10-02 00:00:00'),
(34, 2, 33, 'present', '2022-10-05 00:00:00'),
(35, 2, 33, 'half_day', '2022-10-10 00:00:00'),
(36, 5, 38, 'late', '2022-10-10 00:00:00'),
(37, 5, 38, 'present', '2022-10-16 00:00:00'),
(38, 4, 35, 'present', '2022-10-20 00:00:00'),
(39, 2, 33, 'present', '2022-10-24 00:00:00'),
(40, 2, 33, 'absent', '2022-10-27 00:00:00'),
(41, 2, 33, 'absent', '2022-11-03 00:00:00'),
(42, 4, 35, 'late', '2022-11-11 00:00:00'),
(43, 2, 33, 'late', '2022-11-14 00:00:00'),
(44, 3, 34, 'absent', '2022-11-18 00:00:00'),
(45, 2, 33, 'present', '2022-11-19 00:00:00'),
(46, 3, 34, 'present', '2022-11-21 00:00:00'),
(47, 2, 33, 'present', '2022-11-21 00:00:00'),
(48, 5, 38, 'present', '2022-11-21 00:00:00'),
(49, 2, 33, 'present', '2022-11-22 00:00:00'),
(50, 2, 33, 'absent', '2022-11-25 00:00:00'),
(51, 2, 33, 'present', '2022-11-27 00:00:00'),
(52, 5, 38, 'present', '2022-11-27 00:00:00'),
(53, 2, 33, 'present', '2022-11-28 00:00:00'),
(54, 3, 34, 'present', '2022-11-28 00:00:00'),
(55, 2, 33, 'present', '2022-11-30 00:00:00'),
(56, 2, 33, 'half_day', '2022-12-01 00:00:00'),
(57, 3, 34, 'half_day', '2022-12-03 00:00:00'),
(58, 2, 33, 'present', '2022-12-07 00:00:00'),
(59, 2, 33, 'absent', '2022-12-13 00:00:00'),
(60, 2, 0, 'half_day', '2022-12-15 00:00:00'),
(61, 2, 33, 'present', '2022-12-16 00:00:00'),
(62, 3, 34, 'present', '2022-12-16 00:00:00'),
(63, 3, 34, 'late', '2022-12-17 00:00:00'),
(64, 2, 33, 'present', '2022-12-17 00:00:00'),
(65, 2, 33, 'present', '2022-12-21 00:00:00'),
(66, 3, 34, 'late', '2022-12-21 00:00:00'),
(67, 3, 34, 'present', '2022-12-23 00:00:00'),
(68, 3, 34, 'present', '2022-12-27 00:00:00'),
(69, 2, 33, 'present', '2022-12-29 00:00:00'),
(70, 2, 33, 'absent', '2021-01-01 00:00:00'),
(71, 3, 34, 'half_day', '2021-01-08 00:00:00'),
(72, 4, 35, 'present', '2021-01-08 00:00:00'),
(73, 2, 33, 'present', '2021-01-16 00:00:00'),
(74, 4, 35, 'absent', '2021-01-16 00:00:00'),
(75, 2, 33, 'absent', '2021-01-17 00:00:00'),
(76, 2, 33, 'present', '2021-01-19 00:00:00'),
(77, 2, 33, 'present', '2021-01-21 00:00:00'),
(78, 2, 33, 'half_day', '2021-01-22 00:00:00'),
(79, 2, 33, 'present', '2021-01-26 00:00:00'),
(80, 2, 33, 'present', '2021-02-01 00:00:00'),
(81, 3, 34, 'present', '2021-02-01 00:00:00'),
(82, 2, 33, 'present', '2021-02-05 00:00:00'),
(83, 5, 38, 'absent', '2021-02-05 00:00:00'),
(84, 2, 33, 'present', '2021-02-06 00:00:00'),
(85, 2, 33, 'present', '2021-02-08 00:00:00'),
(86, 5, 38, 'absent', '2021-02-10 00:00:00'),
(87, 4, 35, 'present', '2021-02-12 00:00:00'),
(88, 2, 33, 'present', '2021-02-14 00:00:00'),
(89, 2, 33, 'present', '2021-02-15 00:00:00'),
(90, 2, 33, 'late', '2021-02-16 00:00:00'),
(91, 2, 33, 'absent', '2021-02-17 00:00:00'),
(92, 2, 33, 'present', '2021-02-18 00:00:00'),
(93, 4, 35, 'present', '2021-02-18 00:00:00'),
(94, 4, 35, 'present', '2021-02-20 00:00:00'),
(95, 2, 33, 'present', '2021-02-20 00:00:00'),
(96, 3, 34, 'absent', '2021-02-20 00:00:00'),
(97, 2, 33, 'present', '2021-02-21 00:00:00'),
(98, 3, 34, 'present', '2021-02-22 00:00:00'),
(99, 2, 33, 'present', '2021-02-22 00:00:00'),
(100, 2, 33, 'present', '2021-02-23 00:00:00'),
(101, 2, 33, 'present', '2021-02-25 00:00:00'),
(102, 3, 34, 'absent', '2021-02-27 00:00:00'),
(103, 5, 38, 'half_day', '2021-02-27 00:00:00'),
(104, 2, 33, 'present', '2021-02-28 00:00:00'),
(105, 3, 34, 'present', '2021-02-28 00:00:00'),
(106, 2, 33, 'present', '2021-03-02 00:00:00'),
(107, 4, 35, 'absent', '2021-03-08 00:00:00'),
(108, 5, 38, 'absent', '2021-03-08 00:00:00'),
(109, 5, 38, 'absent', '2021-03-14 00:00:00'),
(110, 2, 33, 'present', '2021-03-14 00:00:00'),
(111, 2, 33, 'present', '2021-03-15 00:00:00'),
(112, 2, 33, 'absent', '2021-03-16 00:00:00'),
(113, 2, 33, 'absent', '2021-03-20 00:00:00'),
(114, 2, 34, 'late', '2021-03-20 00:00:00'),
(115, 4, 35, 'half_day', '2021-03-20 00:00:00'),
(116, 2, 33, 'absent', '2021-03-21 00:00:00'),
(117, 2, 33, 'present', '2021-03-23 00:00:00'),
(118, 2, 33, 'present', '2021-03-24 00:00:00'),
(119, 3, 34, 'late', '2021-03-24 00:00:00'),
(120, 5, 38, 'present', '2021-03-24 00:00:00'),
(121, 4, 35, 'half_day', '2021-03-24 00:00:00'),
(122, 2, 33, 'present', '2021-03-25 00:00:00'),
(123, 2, 33, 'present', '2021-03-26 00:00:00'),
(124, 3, 34, 'present', '2021-03-26 00:00:00'),
(125, 4, 35, 'late', '2021-03-26 00:00:00'),
(126, 2, 33, 'present', '2021-03-27 00:00:00'),
(127, 3, 34, 'absent', '2021-04-05 00:00:00'),
(128, 2, 33, 'present', '2021-04-06 00:00:00'),
(129, 5, 34, 'present', '2021-04-06 00:00:00'),
(130, 4, 35, 'present', '2021-04-08 00:00:00'),
(131, 5, 38, 'present', '2021-04-09 00:00:00'),
(132, 2, 33, 'present', '2021-04-11 00:00:00'),
(133, 4, 35, 'half_day', '2021-04-11 00:00:00'),
(134, 2, 33, 'present', '2021-04-12 00:00:00'),
(135, 3, 34, 'present', '2021-04-12 00:00:00'),
(136, 3, 34, 'present', '2021-04-13 00:00:00'),
(137, 5, 38, 'present', '2021-04-15 00:00:00'),
(138, 2, 33, 'present', '2021-04-16 00:00:00'),
(139, 2, 33, 'present', '2021-04-17 00:00:00'),
(140, 2, 33, 'present', '2021-04-19 00:00:00'),
(141, 5, 38, 'present', '2021-04-19 00:00:00'),
(142, 2, 33, 'present', '2021-04-20 00:00:00'),
(143, 2, 33, 'late', '2021-04-21 00:00:00'),
(144, 5, 38, 'present', '2021-04-21 00:00:00'),
(145, 2, 33, 'present', '2021-04-24 00:00:00'),
(146, 3, 34, 'absent', '2021-04-24 00:00:00'),
(147, 2, 33, 'present', '2021-04-25 00:00:00'),
(148, 2, 33, 'present', '2021-04-26 00:00:00'),
(149, 2, 34, 'late', '2021-04-26 00:00:00'),
(150, 3, 34, 'half_day', '2021-04-27 00:00:00'),
(151, 4, 35, 'absent', '2021-04-27 00:00:00'),
(152, 5, 38, 'present', '2021-04-28 00:00:00'),
(153, 4, 35, 'present', '2021-04-28 00:00:00'),
(154, 4, 35, 'late', '2021-05-01 00:00:00'),
(155, 2, 33, 'present', '2021-05-01 00:00:00'),
(156, 3, 34, 'absent', '2021-05-01 00:00:00'),
(157, 2, 33, 'present', '2021-05-03 00:00:00'),
(158, 2, 33, 'present', '2021-05-05 00:00:00'),
(159, 3, 34, 'present', '2021-05-06 00:00:00'),
(160, 2, 33, 'present', '2021-05-07 00:00:00'),
(161, 5, 38, 'present', '2021-05-07 00:00:00'),
(162, 3, 34, 'absent', '2021-05-07 00:00:00'),
(163, 3, 34, 'absent', '2021-05-10 00:00:00'),
(164, 2, 33, 'present', '2021-05-10 00:00:00'),
(165, 4, 35, 'present', '2021-05-10 00:00:00'),
(166, 5, 38, 'present', '2021-05-10 00:00:00'),
(167, 2, 33, 'present', '2021-05-16 00:00:00'),
(168, 2, 33, 'absent', '2021-05-20 00:00:00'),
(169, 2, 33, 'present', '2021-05-22 00:00:00'),
(170, 3, 34, 'present', '2021-05-24 00:00:00'),
(171, 2, 33, 'present', '2021-05-24 00:00:00'),
(172, 2, 33, 'present', '2021-05-25 00:00:00'),
(173, 3, 34, 'present', '2021-05-29 00:00:00'),
(174, 5, 38, 'absent', '2021-05-29 00:00:00'),
(175, 3, 34, 'present', '2021-06-01 00:00:00'),
(176, 2, 33, 'present', '2021-06-02 00:00:00'),
(177, 4, 33, 'present', '2021-06-03 00:00:00'),
(178, 3, 34, 'half_day', '2021-06-03 00:00:00'),
(179, 5, 38, 'present', '2021-06-03 00:00:00'),
(180, 4, 35, 'late', '2021-06-03 00:00:00'),
(181, 3, 34, 'present', '2021-06-04 00:00:00'),
(182, 3, 34, 'absent', '2021-06-07 00:00:00'),
(183, 3, 34, 'present', '2021-06-08 00:00:00'),
(184, 2, 33, 'present', '2021-06-10 00:00:00'),
(185, 2, 33, 'present', '2021-06-15 00:00:00'),
(186, 3, 34, 'present', '2021-06-15 00:00:00'),
(187, 5, 38, 'half_day', '2021-06-15 00:00:00'),
(188, 2, 33, 'present', '2021-06-16 00:00:00'),
(189, 4, 35, 'present', '2021-06-16 00:00:00'),
(190, 5, 38, 'present', '2021-06-19 00:00:00'),
(191, 2, 33, 'present', '2021-06-19 00:00:00'),
(192, 2, 33, 'present', '2021-06-20 00:00:00'),
(193, 5, 38, 'absent', '2021-06-20 00:00:00'),
(194, 2, 33, 'present', '2021-06-22 00:00:00'),
(195, 3, 34, 'present', '2021-06-22 00:00:00'),
(196, 2, 33, 'present', '2021-06-25 00:00:00'),
(197, 3, 34, 'absent', '2021-06-26 00:00:00'),
(198, 2, 33, 'late', '2021-06-27 00:00:00'),
(199, 4, 35, 'present', '2021-06-27 00:00:00'),
(200, 5, 38, 'present', '2021-06-27 00:00:00'),
(201, 3, 34, 'present', '2021-06-27 00:00:00'),
(202, 3, 34, 'present', '2021-06-29 00:00:00'),
(203, 2, 33, 'present', '2021-06-29 00:00:00'),
(204, 2, 33, 'present', '2021-06-30 00:00:00'),
(205, 2, 33, 'present', '2021-07-01 00:00:00'),
(206, 3, 34, 'present', '2021-07-01 00:00:00'),
(207, 2, 33, 'present', '2021-07-02 00:00:00'),
(208, 5, 38, 'present', '2021-07-03 00:00:00'),
(209, 4, 35, 'present', '2021-07-03 00:00:00'),
(210, 2, 33, 'absent', '2021-07-03 00:00:00'),
(211, 3, 34, 'half_day', '2021-07-03 00:00:00'),
(212, 2, 33, 'present', '2021-07-04 00:00:00'),
(213, 2, 33, 'absent', '2021-07-05 00:00:00'),
(214, 3, 34, 'late', '2021-07-05 00:00:00'),
(215, 4, 35, 'present', '2021-07-05 00:00:00'),
(216, 2, 33, 'present', '2021-07-08 00:00:00'),
(217, 2, 33, 'absent', '2021-07-09 00:00:00'),
(218, 2, 33, 'absent', '2021-07-14 00:00:00'),
(219, 3, 34, 'absent', '2021-07-14 00:00:00'),
(220, 2, 33, 'absent', '2021-07-22 00:00:00'),
(221, 2, 33, 'present', '2021-07-27 00:00:00'),
(222, 4, 35, 'present', '2021-07-27 00:00:00'),
(223, 3, 34, 'absent', '2021-07-28 00:00:00'),
(224, 3, 34, 'present', '2021-07-30 00:00:00'),
(225, 2, 33, 'present', '2021-07-30 00:00:00'),
(226, 2, 33, 'present', '2021-08-01 00:00:00'),
(227, 3, 34, 'absent', '2021-08-01 00:00:00'),
(228, 5, 38, 'half_day', '2021-08-01 00:00:00'),
(229, 2, 33, 'present', '2021-08-02 00:00:00'),
(230, 2, 33, 'present', '2021-08-03 00:00:00'),
(231, 5, 38, 'present', '2021-08-04 00:00:00'),
(232, 2, 33, 'absent', '2021-08-05 00:00:00'),
(233, 3, 34, 'absent', '2021-08-09 00:00:00'),
(234, 3, 34, 'half_day', '2021-08-14 00:00:00'),
(235, 2, 33, 'present', '2021-08-15 00:00:00'),
(236, 2, 33, 'present', '2021-08-17 00:00:00'),
(237, 2, 33, 'present', '2021-08-18 00:00:00'),
(238, 4, 35, 'present', '2021-08-19 00:00:00'),
(239, 2, 33, 'present', '2021-08-21 00:00:00'),
(240, 3, 34, 'present', '2021-08-21 00:00:00'),
(241, 2, 33, 'present', '2021-08-22 00:00:00'),
(242, 5, 38, 'half_day', '2021-08-22 00:00:00'),
(243, 3, 34, 'present', '2021-08-22 00:00:00'),
(244, 2, 33, 'present', '2021-08-23 00:00:00'),
(245, 2, 33, 'half_day', '2021-08-24 00:00:00'),
(246, 2, 33, 'present', '2021-08-28 00:00:00'),
(247, 4, 35, 'absent', '2021-08-30 00:00:00'),
(248, 2, 33, 'present', '2021-08-31 00:00:00'),
(249, 4, 35, 'present', '2021-08-31 00:00:00'),
(250, 2, 33, 'half_day', '2021-09-01 00:00:00'),
(251, 3, 34, 'absent', '2021-09-01 00:00:00'),
(252, 2, 33, 'present', '2021-09-02 00:00:00'),
(253, 2, 33, 'present', '2021-09-03 00:00:00'),
(254, 3, 34, 'absent', '2021-09-03 00:00:00'),
(255, 2, 33, 'present', '2021-09-04 00:00:00'),
(256, 2, 33, 'present', '2021-09-05 00:00:00'),
(257, 2, 33, 'absent', '2021-09-06 00:00:00'),
(258, 2, 33, 'absent', '2021-09-14 00:00:00'),
(259, 4, 35, 'present', '2021-09-16 00:00:00'),
(260, 3, 34, 'present', '2021-09-17 00:00:00'),
(261, 5, 38, 'present', '2021-09-17 00:00:00'),
(262, 2, 33, 'late', '2021-09-19 00:00:00'),
(263, 4, 35, 'absent', '2021-09-19 00:00:00'),
(264, 2, 33, 'present', '2021-09-21 00:00:00'),
(265, 2, 33, 'absent', '2021-09-24 00:00:00'),
(266, 4, 35, 'present', '2021-09-26 00:00:00'),
(267, 3, 34, 'present', '2021-09-28 00:00:00'),
(268, 2, 33, 'present', '2021-09-29 00:00:00'),
(269, 3, 34, 'present', '2021-09-29 00:00:00'),
(270, 2, 33, 'present', '2021-09-30 00:00:00'),
(271, 4, 35, 'present', '2021-09-30 00:00:00'),
(272, 5, 38, 'late', '2021-09-30 00:00:00'),
(273, 2, 33, 'half_day', '2021-10-03 00:00:00'),
(274, 3, 34, 'present', '2021-10-03 00:00:00'),
(275, 5, 38, 'late', '2021-10-03 00:00:00'),
(276, 2, 33, 'half_day', '2021-10-04 00:00:00'),
(277, 5, 38, 'present', '2021-10-07 00:00:00'),
(278, 3, 34, 'half_day', '2021-10-11 00:00:00'),
(279, 2, 33, 'present', '2021-10-15 00:00:00'),
(280, 5, 38, 'half_day', '2021-10-16 00:00:00'),
(281, 2, 33, 'present', '2021-10-18 00:00:00'),
(282, 3, 34, 'present', '2021-10-18 00:00:00'),
(283, 2, 33, 'present', '2021-10-19 00:00:00'),
(284, 2, 33, 'late', '2021-10-20 00:00:00'),
(285, 3, 34, 'present', '2021-10-20 00:00:00'),
(286, 4, 35, 'half_day', '2021-10-21 00:00:00'),
(287, 5, 38, 'late', '2021-10-21 00:00:00'),
(288, 2, 33, 'present', '2021-10-21 00:00:00'),
(289, 2, 33, 'present', '2021-10-22 00:00:00'),
(290, 3, 34, 'half_day', '2021-10-22 00:00:00'),
(291, 2, 33, 'late', '2021-10-27 00:00:00'),
(292, 3, 34, 'present', '2021-10-27 00:00:00'),
(293, 2, 33, 'absent', '2021-10-28 00:00:00'),
(294, 5, 38, 'present', '2021-10-28 00:00:00'),
(295, 2, 33, 'present', '2021-10-29 00:00:00'),
(296, 2, 33, 'present', '2021-10-30 00:00:00'),
(297, 2, 33, 'present', '2021-11-02 00:00:00'),
(298, 3, 34, 'absent', '2021-11-02 00:00:00'),
(299, 4, 35, 'late', '2021-11-02 00:00:00'),
(300, 5, 38, 'present', '2021-11-02 00:00:00'),
(301, 3, 34, 'half_day', '2021-11-03 00:00:00'),
(302, 2, 33, 'present', '2021-11-04 00:00:00'),
(303, 5, 38, 'absent', '2021-11-04 00:00:00'),
(304, 2, 33, 'late', '2021-11-05 00:00:00'),
(305, 4, 35, 'present', '2021-11-07 00:00:00'),
(306, 3, 34, 'absent', '2021-11-09 00:00:00'),
(307, 2, 33, 'half_day', '2021-11-09 00:00:00'),
(308, 8, 35, 'absent', '2021-11-14 00:00:00'),
(309, 4, 35, 'present', '2021-11-14 00:00:00'),
(310, 2, 35, 'present', '2021-11-14 00:00:00'),
(311, 8, 2, 'present', '2022-10-06 00:00:00'),
(312, 5, 2, 'present', '2022-10-06 00:00:00'),
(313, 2, 2, 'present', '2022-10-06 00:00:00');

-- --------------------------------------------------------

--
-- Table structure for table `sas_classes`
--

CREATE TABLE `sas_classes` (
  `id` int(10) UNSIGNED NOT NULL,
  `name` varchar(40) NOT NULL,
  `teacher_id` int(11) NOT NULL
) ENGINE=InnoDB DEFAULT CHARSET=utf8;

--
-- Dumping data for table `sas_classes`
--

INSERT INTO `sas_classes` (`id`, `name`, `teacher_id`) VALUES
(1, 'DBMS', 1),
(2, 'JAVA', 1),
(3, 'DSA', 1),
(4, 'Software Testing', 1),
(5, 'Pyhon', 1),
(6, 'Dbms', 1),
(7, 'AI/ML', 1);

-- --------------------------------------------------------

--
-- Table structure for table `sas_students`
--

CREATE TABLE `sas_students` (
  `id` int(10) UNSIGNED NOT NULL,
  `name` varchar(40) NOT NULL,
  `gender` varchar(40) NOT NULL,
  `dob` date NOT NULL,
  `photo` varchar(40) DEFAULT NULL,
  `mobile` int(10) UNSIGNED NOT NULL,
  `email` varchar(40) DEFAULT NULL,
  `current_address` varchar(40) DEFAULT NULL,
  `permanent_address` varchar(40) DEFAULT NULL,
  `father_name` varchar(255) NOT NULL,
  `father_mobile` int(10) UNSIGNED NOT NULL,
  `father_occupation` varchar(255) NOT NULL,
  `mother_name` varchar(255) NOT NULL,
  `mother_mobile` int(10) UNSIGNED NOT NULL,
  `admission_no` int(11) NOT NULL,
  `roll_no` int(11) NOT NULL,
  `stream` int(10) UNSIGNED DEFAULT NULL,
  `admission_date` datetime NOT NULL,
  `academic_year` int(10) UNSIGNED NOT NULL,
  `class` int(11) NOT NULL
) ENGINE=InnoDB DEFAULT CHARSET=utf8;

--
-- Dumping data for table `sas_students`
--

INSERT INTO `sas_students` (`id`, `name`, `gender`, `dob`, `photo`, `mobile`, `email`, `current_address`, `permanent_address`, `father_name`, `father_mobile`, `father_occupation`, `mother_name`, `mother_mobile`, `admission_no`, `roll_no`, `stream`, `admission_date`, `academic_year`, `class`) VALUES
(2, 'Daksh', 'male', '2001-11-13', '1582017489image12.jpg', 1234567890, 'daksh@gmail.com', 'noida', 'noida', 'no', 977979797, 'Farmer', 'mom', 979797974, 12345, 1, NULL, '2022-03-15 00:00:00', 2022, 2),
(3, 'Kalyani', '', '2002-03-03', '1582091940bg.jpg', 4294967295, 'test@gmail.com', 'test blk tst tst tst', '', 'test', 0, '', 'testing', 0, 2, 2, NULL, '2022-03-15 00:00:00', 2022, 4),
(4, 'Abhishekh', 'male', '2003-04-10', NULL, 4294967295, 'abhishekh11@gmail.com', 'sdsfsdg', 'fghfjfg', 'hfdgdg', 0, '', 'ghfgjf', 0, 0, 3, NULL, '2022-03-15 00:00:00', 2022, 5),
(5, 'Rajesh', 'male', '2001-03-03', NULL, 4294967295, 'rajesh45@gmail.com', 'sadasd', 'dasdf', 'fsfs', 0, '', 'fsds', 0, 0, 4, NULL, '2022-03-15 00:00:00', 2021, 2),
(8, 'Tamiz', 'male', '2021-11-14', NULL, 1234567890, 'tamiz123@gmail.com', 'dsdgsd', 'dsdgsd', 'dfsdf', 0, '', 'sdfsdf', 0, 0, 464634, NULL, '0000-00-00 00:00:00', 2022, 2);

-- --------------------------------------------------------

--
-- Table structure for table `sas_user`
--

CREATE TABLE `sas_user` (
  `id` int(11) NOT NULL,
  `first_name` varchar(50) NOT NULL,
  `last_name` varchar(50) NOT NULL,
  `email` varchar(50) NOT NULL,
  `password` varchar(50) NOT NULL,
  `gender` enum('male','female') CHARACTER SET utf8 NOT NULL,
  `mobile` varchar(50) NOT NULL,
  `status` enum('active','pending','deleted','') NOT NULL DEFAULT 'pending',
  `role` enum('administrator','teacher','student') NOT NULL
) ENGINE=InnoDB DEFAULT CHARSET=latin1;

--
-- Dumping data for table `sas_user`
--

INSERT INTO `sas_user` (`id`, `first_name`, `last_name`, `email`, `password`, `gender`, `mobile`, `status`, `role`) VALUES
(1, 'Daksh', 'Singh', 'nayaldaksh@gmail.com', '202cb962ac59075b964b07152d234b70', 'male', '79746679560', 'active', 'teacher'),
(2, 'Roshan', 'Bawne', 'admin123@gmail.com', '202cb962ac59075b964b07152d234b70', 'male', '8975656421', 'active', 'administrator'),
(3, 'kalyani', 'kamshetti', 'kalyani123@gmail.com', '202cb962ac59075b964b07152d234b70', 'female', '9854671023', 'pending', 'student');

--
-- Indexes for dumped tables
--

--
-- Indexes for table `sas_attendance`
--
ALTER TABLE `sas_attendance`
  ADD PRIMARY KEY (`attendance_id`);

--
-- Indexes for table `sas_students`
--
ALTER TABLE `sas_students`
  ADD PRIMARY KEY (`id`);

--
-- Indexes for table `sas_user`
--
ALTER TABLE `sas_user`
  ADD PRIMARY KEY (`id`);

--
-- AUTO_INCREMENT for dumped tables
--

--
-- AUTO_INCREMENT for table `sas_attendance`
--
ALTER TABLE `sas_attendance`
  MODIFY `attendance_id` int(11) NOT NULL AUTO_INCREMENT, AUTO_INCREMENT=314;

--
-- AUTO_INCREMENT for table `sas_students`
--
ALTER TABLE `sas_students`
  MODIFY `id` int(10) UNSIGNED NOT NULL AUTO_INCREMENT, AUTO_INCREMENT=9;

--
-- AUTO_INCREMENT for table `sas_user`
--
ALTER TABLE `sas_user`
  MODIFY `id` int(11) NOT NULL AUTO_INCREMENT, AUTO_INCREMENT=4;
COMMIT;

/*!40101 SET CHARACTER_SET_CLIENT=@OLD_CHARACTER_SET_CLIENT */;
/*!40101 SET CHARACTER_SET_RESULTS=@OLD_CHARACTER_SET_RESULTS */;
/*!40101 SET COLLATION_CONNECTION=@OLD_COLLATION_CONNECTION */;
